Tissue,Cell Type,Cell Count,Tissue Composition,Gene Symbol,Expression,"Expression, Scaled",Number of Cells Expressing Genes
blood,aggregated,46735,15.91%,Hba-a1,2.810277877017485,0.22503677740140465,7435
blood,aggregated,46735,16.60%,Hba-a2,2.7410079696364105,0.2139949086871881,7756
blood,aggregated,46735,32.68%,Hbb-bs,2.646614054724332,0.19894818413844323,15272
blood,aggregated,46735,8.11%,Hbb-bt,2.7736723694620253,0.2192017297750081,3792
blood,aggregated,46735,28.65%,S100a8,4.4205700966206125,0.4817230637358947,13390
blood,aggregated,46735,30.13%,S100a9,4.446583237910098,0.48586965064242404,14082
blood,leukocyte,46688,15.90%,Hba-a1,2.810630456449334,0.22509297981230716,7431
blood,leukocyte,46688,16.59%,Hba-a2,2.741000864473175,0.21399377609898917,7754
blood,leukocyte,46688,32.65%,Hbb-bs,2.647093438749099,0.1990245996508251,15261
blood,leukocyte,46688,8.11%,Hbb-bt,2.7736723694620253,0.2192017297750081,3792
blood,leukocyte,46688,28.65%,S100a8,4.421011353450852,0.4817934016383542,13388
blood,leukocyte,46688,30.13%,S100a9,4.447223590986575,0.4859717251920883,14079
blood,mononuclear cell,36289,13.33%,Hba-a1,2.8503176648748396,0.231419261478275,6232
blood,mononuclear cell,36289,13.72%,Hba-a2,2.7905981422474273,0.22189975793830444,6414
blood,mononuclear cell,36289,27.36%,Hbb-bs,2.684148469268064,0.2049313028306172,12788
blood,mononuclear cell,36289,6.65%,Hbb-bt,2.8342349527733117,0.22885562017561414,3110
blood,mononuclear cell,36289,7.20%,S100a8,2.37448486618423,0.1555698271177574,3364
blood,mononuclear cell,36289,8.50%,S100a9,2.3077344339919454,0.1449295716771129,3973
blood,mononuclear phagocyte,15767,9.79%,Hba-a1,2.9206073467548075,0.24262368586147692,4576
blood,mononuclear phagocyte,15767,10.32%,Hba-a2,2.8459315701472416,0.23072010243531824,4822
blood,mononuclear phagocyte,15767,19.57%,Hbb-bs,2.779453424002187,0.2201232503555254,9145
blood,mononuclear phagocyte,15767,4.75%,Hbb-bt,2.9204490692537144,0.2425984558669012,2221
blood,mononuclear phagocyte,15767,4.96%,S100a8,2.5431245530413427,0.18245159082560927,2316
blood,mononuclear phagocyte,15767,5.46%,S100a9,2.482833401729714,0.1728409676476453,2551
blood,monocyte,8341,4.03%,Hba-a1,3.086172300494819,0.26901532621426916,1882
blood,monocyte,8341,4.04%,Hba-a2,3.018350633524232,0.25820431215373724,1888
blood,monocyte,8341,8.88%,Hbb-bs,2.706915889434667,0.2085605102880206,4148
blood,monocyte,8341,1.90%,Hbb-bt,3.170287811622191,0.28242363677527643,890
blood,monocyte,8341,3.08%,S100a8,2.6616629997502605,0.20134703930580503,1439
blood,monocyte,8341,3.01%,S100a9,2.6517464990893744,0.1997663139585114,1407
blood,dendritic cell,321,0.14%,Hba-a1,2.550995111465454,0.18370618572998115,64
blood,dendritic cell,321,0.15%,Hba-a2,2.4640150631175324,0.16984125778471354,68
blood,dendritic cell,321,0.24%,Hbb-bs,2.543460812188883,0.18250519172535737,113
blood,dendritic cell,321,0.05%,Hbb-bt,2.956065813700358,0.2482758911497884,24
blood,dendritic cell,321,0.40%,S100a8,3.5764806798986486,0.34717221943882276,185
blood,dendritic cell,321,0.42%,S100a9,3.4025104348429567,0.3194407458637641,197
blood,macrophage,7105,5.63%,Hba-a1,2.8111252005109315,0.2251718437689925,2630
blood,macrophage,7105,6.13%,Hba-a2,2.741410611479414,0.21405909122383904,2866
blood,macrophage,7105,10.45%,Hbb-bs,2.8465199263539107,0.23081388849966933,4884
blood,macrophage,7105,2.80%,Hbb-bt,2.7496676922938983,0.21537529916698872,1307
blood,macrophage,7105,1.48%,S100a8,2.0203675727623738,0.09912227563068651,692
blood,macrophage,7105,2.03%,S100a9,2.040555573315404,0.10234031446077729,947
blood,myeloid leukocyte,25845,12.22%,Hba-a1,2.8583524393713886,0.2327000330065399,5711
blood,myeloid leukocyte,25845,13.04%,Hba-a2,2.7749182084837547,0.21940032093005765,6094
blood,myeloid leukocyte,25845,24.62%,Hbb-bs,2.7121333116036506,0.20939218587118008,11505
blood,myeloid leukocyte,25845,6.16%,Hbb-bt,2.8199604083449112,0.2265802072078077,2879
blood,myeloid leukocyte,25845,26.01%,S100a8,4.642448452283011,0.5170912599177162,12155
blood,myeloid leukocyte,25845,26.66%,S100a9,4.743759718599518,0.5332406347939347,12460
blood,granulocyte,10399,2.57%,Hba-a1,2.6043498569771684,0.19221112124230644,1199
blood,granulocyte,10399,2.87%,Hba-a2,2.5035997988572762,0.17615120494142977,1340
blood,granulocyte,10399,5.29%,Hbb-bs,2.4554805177163366,0.16848082100316716,2473
blood,granulocyte,10399,1.46%,Hbb-bt,2.49749934848103,0.17517877153277034,682
blood,granulocyte,10399,21.45%,S100a8,5.107814682262569,0.5912722861344208,10024
blood,granulocyte,10399,21.62%,S100a9,5.288326937586582,0.6200465793297291,10106
blood,lymphocyte,20522,3.54%,Hba-a1,2.6560872395833335,0.20045824337590043,1656
blood,lymphocyte,20522,3.41%,Hba-a2,2.622999948472833,0.19518401191863374,1592
blood,lymphocyte,20522,7.80%,Hbb-bs,2.4449050404886083,0.1667950524558475,3643
blood,lymphocyte,20522,1.90%,Hbb-bt,2.6188451297103486,0.19452171908410848,889
blood,lymphocyte,20522,2.24%,S100a8,2.0018040314885495,0.09616318136643591,1048
blood,lymphocyte,20522,3.04%,S100a9,1.9936150874098981,0.09485783466043997,1422
blood,B cell,3756,1.18%,Hba-a1,2.9031600674715907,0.23984252771432188,550
blood,B cell,3756,1.18%,Hba-a2,2.830153006607305,0.22820494349121226,551
blood,B cell,3756,2.12%,Hbb-bs,2.813799132993454,0.22559807808254895,993
blood,B cell,3756,0.68%,Hbb-bt,2.830310749557783,0.22823008827652555,318
blood,B cell,3756,0.76%,S100a8,2.0887440885050914,0.1100217345517609,356
blood,B cell,3756,1.01%,S100a9,2.113214783749338,0.11392245009258169,472
blood,natural killer cell,1097,0.97%,Hba-a1,2.9254585198596517,0.24339698004590457,452
blood,natural killer cell,1097,0.92%,Hba-a2,2.895384890534157,0.23860313695693794,430
blood,natural killer cell,1097,1.71%,Hbb-bs,2.877337646484375,0.23572634229984615,800
blood,natural killer cell,1097,0.48%,Hbb-bt,2.9099617513020832,0.24092674022060895,225
blood,natural killer cell,1097,0.09%,S100a8,1.9840742902057926,0.09333699777556953,41
blood,natural killer cell,1097,0.10%,S100a9,2.102518828018852,0.1122174768449725,46
blood,T cell,15669,1.40%,Hba-a1,2.262133117115826,0.13766056016578712,654
blood,T cell,15669,1.31%,Hba-a2,2.2444942493095335,0.13484886212910527,611
blood,T cell,15669,3.96%,Hbb-bs,2.059900496199324,0.10542396372272578,1850
blood,T cell,15669,0.74%,Hbb-bt,2.2351825692061054,0.1333645473220246,346
blood,T cell,15669,1.39%,S100a8,1.9553775816652266,0.088762640739232,651
blood,T cell,15669,1.93%,S100a9,1.9256275818411228,0.0840203853396605,904
blood,professional antigen presenting cell,7426,5.76%,Hba-a1,2.804945415448682,0.22418676413023902,2694
blood,professional antigen presenting cell,7426,6.28%,Hba-a2,2.7349816070743866,0.21303428513866698,2934
blood,professional antigen presenting cell,7426,10.69%,Hbb-bs,2.8396666906393837,0.22972145844037833,4997
blood,professional antigen presenting cell,7426,2.85%,Hbb-bt,2.7533893542214503,0.215968545267011,1331
blood,professional antigen presenting cell,7426,1.88%,S100a8,2.3486239042901937,0.15144749814615374,877
blood,professional antigen presenting cell,7426,2.45%,S100a9,2.2750880101343967,0.1397256160223056,1144
blood,fibroblast,45,0.01%,Hba-a1,2.1549088954925537,0.1205686392594268,4
blood,fibroblast,45,0.00%,Hba-a2,2.768747329711914,0.21841666098555734,2
blood,fibroblast,45,0.02%,Hbb-bs,2.0266551971435547,0.10012454523903704,10
blood,fibroblast,45,,Hbb-bt,,,
blood,fibroblast,45,,S100a8,,,
blood,fibroblast,45,0.00%,S100a9,1.3985352516174316,0,2
bone marrow,aggregated,86411,8.83%,Hba-a1,2.70794206019125,0.20872408554314864,7634
bone marrow,aggregated,86411,8.79%,Hba-a2,2.8650045955882355,0.23376041028131814,7599
bone marrow,aggregated,86411,7.91%,Hbb-bs,2.309288089652839,0.14517722989528126,6834
bone marrow,aggregated,86411,3.12%,Hbb-bt,2.2027167411128104,0.12818937927203194,2697
bone marrow,aggregated,86411,75.89%,S100a8,5.638606972381925,0.6758824581933135,65573
bone marrow,aggregated,86411,76.46%,S100a9,5.476004759886792,0.6499630892942735,66073
bone marrow,mononuclear phagocyte,9883,0.22%,Hba-a1,2.017438186882691,0.09865532114035072,193
bone marrow,mononuclear phagocyte,9883,0.13%,Hba-a2,1.9570203320733432,0.0890245009758404,116
bone marrow,mononuclear phagocyte,9883,0.87%,Hbb-bs,2.1938690063313584,0.12677901899339686,749
bone marrow,mononuclear phagocyte,9883,0.31%,Hbb-bt,2.011227694424716,0.09766534663389816,264
bone marrow,mononuclear phagocyte,9883,5.94%,S100a8,2.922292493788971,0.24289230427052175,5132
bone marrow,mononuclear phagocyte,9883,5.70%,S100a9,2.772236522406618,0.21897285066604258,4926
bone marrow,leukocyte,60282,4.87%,Hba-a1,2.832113364756532,0.22851743152728726,4210
bone marrow,leukocyte,60282,4.43%,Hba-a2,3.117329963235294,0.2739819680711652,3825
bone marrow,leukocyte,60282,7.73%,Hbb-bs,2.245143494182131,0.1349523540625817,6682
bone marrow,leukocyte,60282,2.97%,Hbb-bt,2.094785361761984,0.11098473491788437,2566
bone marrow,leukocyte,60282,50.87%,S100a8,5.8758446330254355,0.713698982019202,43954
bone marrow,leukocyte,60282,51.56%,S100a9,5.711802710877177,0.6875501182994321,44552
bone marrow,myeloid cell,51436,4.82%,Hba-a1,2.8304008335583153,0.22824444798544877,4167
bone marrow,myeloid cell,51436,4.71%,Hba-a2,2.9667065681874076,0.24997206512357248,4066
bone marrow,myeloid cell,51436,4.78%,Hbb-bs,2.3444789932657386,0.15078678464018122,4130
bone marrow,myeloid cell,51436,1.86%,Hbb-bt,2.2623294055981478,0.13769184924547345,1606
bone marrow,myeloid cell,51436,53.15%,S100a8,6.2463385391717114,0.7727570236097433,45926
bone marrow,myeloid cell,51436,52.84%,S100a9,6.1312426082481,0.754410324345262,45659
bone marrow,myeloid leukocyte,39012,3.32%,Hba-a1,3.069484921956635,0.26635529893879734,2871
bone marrow,myeloid leukocyte,39012,2.99%,Hba-a2,3.416293130565234,0.3216377564048084,2583
bone marrow,myeloid leukocyte,39012,4.67%,Hbb-bs,2.247047320322181,0.1352558306960566,4035
bone marrow,myeloid leukocyte,39012,1.76%,Hbb-bt,2.0952077858081473,0.11105207080782291,1522
bone marrow,myeloid leukocyte,39012,40.06%,S100a8,6.498257919941061,0.8129138656525533,34612
bone marrow,myeloid leukocyte,39012,39.82%,S100a9,6.4091117149582955,0.7987036446632978,34409
bone marrow,mononuclear cell,30373,1.75%,Hba-a1,2.289635073672548,0.14204446950195554,1509
bone marrow,mononuclear cell,30373,1.56%,Hba-a2,2.4509356915509257,0.16775635960651292,1350
bone marrow,mononuclear cell,30373,3.82%,Hbb-bs,2.2336289819158597,0.13311690000237977,3304
bone marrow,mononuclear cell,30373,1.48%,Hbb-bt,2.0808981772874215,0.1087710684994402,1276
bone marrow,mononuclear cell,30373,16.55%,S100a8,3.357680953255017,0.3122947676325927,14301
bone marrow,mononuclear cell,30373,17.20%,S100a9,3.1754990604190487,0.28325432830104197,14867
bone marrow,lymphocyte of B lineage,16074,1.42%,Hba-a1,2.3406684956321313,0.15017937781379906,1227
bone marrow,lymphocyte of B lineage,16074,1.34%,Hba-a2,2.5238356467163294,0.1793768708016612,1162
bone marrow,lymphocyte of B lineage,16074,2.57%,Hbb-bs,2.250872103230337,0.13586551464582575,2225
bone marrow,lymphocyte of B lineage,16074,1.02%,Hbb-bt,2.096129612464689,0.11119901324363135,885
bone marrow,lymphocyte of B lineage,16074,7.75%,S100a8,3.3035026216599492,0.3036585495799687,6699
bone marrow,lymphocyte of B lineage,16074,8.48%,S100a9,3.19708351109215,0.28669496622899143,7325
bone marrow,mature T cell,3420,0.07%,Hba-a1,1.978849317206711,0.09250411856333388,61
bone marrow,mature T cell,3420,0.05%,Hba-a2,1.867283907803622,0.07472019694063373,44
bone marrow,mature T cell,3420,0.28%,Hbb-bs,2.149876004927386,0.11976637866785592,241
bone marrow,mature T cell,3420,0.12%,Hbb-bt,1.9413558361577052,0.08652752481527876,102
bone marrow,mature T cell,3420,2.44%,S100a8,4.329645746733966,0.46722940014759695,2105
bone marrow,mature T cell,3420,2.60%,S100a9,3.7511819713680925,0.375020224402905,2244
bone marrow,monocyte,7621,0.19%,Hba-a1,2.0081903905044367,0.09718118962545295,162
bone marrow,monocyte,7621,0.12%,Hba-a2,1.9311692643873761,0.08490374917606591,101
bone marrow,monocyte,7621,0.74%,Hbb-bs,2.1877111797242934,0.12579743961021583,637
bone marrow,monocyte,7621,0.26%,Hbb-bt,2.0074684714430755,0.09706611316874589,227
bone marrow,monocyte,7621,4.57%,S100a8,2.8728281566696223,0.23500751364271125,3947
bone marrow,monocyte,7621,4.29%,S100a9,2.7182145507285482,0.21036155693829403,3706
bone marrow,dendritic cell,780,0.03%,Hba-a1,1.9570577870244565,0.08903047142778016,23
bone marrow,dendritic cell,780,0.01%,Hba-a2,2.219088077545166,0.13079902831584936,8
bone marrow,dendritic cell,780,0.11%,Hbb-bs,2.1577116924783457,0.12101541503147256,92
bone marrow,dendritic cell,780,0.04%,Hbb-bt,1.9390950202941895,0.08616714275478853,32
bone marrow,dendritic cell,780,0.20%,S100a8,1.896989414457641,0.07945535997121947,173
bone marrow,dendritic cell,780,0.23%,S100a9,1.915793239480198,0.08245275631653207,202
bone marrow,plasmacytoid dendritic cell,619,0.02%,Hba-a1,1.9565421656558388,0.08894827955437112,19
bone marrow,plasmacytoid dendritic cell,619,0.00%,Hba-a2,2.429391622543335,0.16432215865914984,4
bone marrow,plasmacytoid dendritic cell,619,0.09%,Hbb-bs,2.158957832737973,0.12121405420491055,76
bone marrow,plasmacytoid dendritic cell,619,0.03%,Hbb-bt,1.9795495738153872,0.09261574194831589,23
bone marrow,plasmacytoid dendritic cell,619,0.17%,S100a8,1.8892056125027317,0.07821459435548468,143
bone marrow,plasmacytoid dendritic cell,619,0.19%,S100a9,1.9048806406968941,0.08071324939856726,163
bone marrow,conventional dendritic cell,161,0.00%,Hba-a1,1.9595067501068115,0.0894208448217067,4
bone marrow,conventional dendritic cell,161,0.00%,Hba-a2,2.008784770965576,0.09727593597731528,4
bone marrow,conventional dendritic cell,161,0.02%,Hbb-bs,2.151792526245117,0.12007187895764218,16
bone marrow,conventional dendritic cell,161,0.01%,Hbb-bt,1.835711161295573,0.06968738926021859,9
bone marrow,conventional dendritic cell,161,0.03%,S100a8,1.9340924580891927,0.08536971661130609,30
bone marrow,conventional dendritic cell,161,0.05%,S100a9,1.961402110564403,0.08972297199539715,39
bone marrow,macrophage,1482,0.01%,Hba-a1,2.37829852104187,0.15617773721683892,8
bone marrow,macrophage,1482,0.01%,Hba-a2,2.0305091312953403,0.1007388760003465,7
bone marrow,macrophage,1482,0.02%,Hbb-bs,2.5563190460205076,0.18455483976493722,20
bone marrow,macrophage,1482,0.01%,Hbb-bt,2.6435482025146486,0.19845947643149797,5
bone marrow,macrophage,1482,1.17%,S100a8,3.290487779458992,0.30158393761133084,1012
bone marrow,macrophage,1482,1.18%,S100a9,3.138845027781189,0.2774115456045484,1018
bone marrow,endothelial cell,16,0.00%,Hba-a1,2.9296553134918213,0.24406596382340762,4
bone marrow,endothelial cell,16,0.00%,Hba-a2,2.39495849609375,0.15883339627948176,2
bone marrow,endothelial cell,16,0.01%,Hbb-bs,2.7376725333077565,0.21346322831633072,7
bone marrow,endothelial cell,16,0.00%,Hbb-bt,2.698073625564575,0.20715102209204403,4
bone marrow,endothelial cell,16,0.01%,S100a8,2.1853060041155135,0.12541404609475057,7
bone marrow,endothelial cell,16,0.00%,S100a9,1.967606782913208,0.09071201875582276,2
bone marrow,granulocyte,29909,3.13%,Hba-a1,3.1351861145177713,0.2768283018639569,2701
bone marrow,granulocyte,29909,2.86%,Hba-a2,3.4808175505050505,0.33192317760390017,2475
bone marrow,granulocyte,29909,3.91%,Hbb-bs,2.256405619773165,0.1367475767923466,3378
bone marrow,granulocyte,29909,1.49%,Hbb-bt,2.108521832606589,0.11317437704961666,1290
bone marrow,granulocyte,29909,34.32%,S100a8,7.090300728425454,0.9072875873975139,29653
bone marrow,granulocyte,29909,34.35%,S100a9,6.982047961933636,0.8900317127941654,29685
bone marrow,neutrophil,16100,0.94%,Hba-a1,2.1196152090879314,0.11494270057328614,811
bone marrow,neutrophil,16100,0.60%,Hba-a2,2.1979850857414336,0.12743513663786415,518
bone marrow,neutrophil,16100,3.86%,Hbb-bs,2.2573864995216835,0.1369039325002876,3332
bone marrow,neutrophil,16100,1.48%,Hbb-bt,2.1078121574800273,0.11306125231950649,1283
bone marrow,neutrophil,16100,18.60%,S100a8,7.112766604721323,0.9108687276933156,16076
bone marrow,neutrophil,16100,18.61%,S100a9,7.1138126398905746,0.9110354694062183,16084
bone marrow,basophil,195,0.05%,Hba-a1,2.084492753191692,0.10934405663698585,41
bone marrow,basophil,195,0.06%,Hba-a2,2.201956113179525,0.12806813248396423,48
bone marrow,basophil,195,0.00%,Hbb-bs,2.885693073272705,0.23705822693974382,1
bone marrow,basophil,195,,Hbb-bt,,,
bone marrow,basophil,195,0.15%,S100a8,4.082637845552885,0.4278554653563856,130
bone marrow,basophil,195,0.15%,S100a9,3.9027332696389028,0.39917803841252153,127
bone marrow,eosinophil,190,,Hba-a1,,,
bone marrow,eosinophil,190,0.00%,Hba-a2,1.42757248878479,0.0046286385062085395,1
bone marrow,eosinophil,190,0.02%,Hbb-bs,2.0806783040364585,0.1087360199240531,18
bone marrow,eosinophil,190,0.00%,Hbb-bt,2.134197235107422,0.11726712719636105,4
bone marrow,eosinophil,190,0.04%,S100a8,1.9281661741195186,0.08442504594506256,31
bone marrow,eosinophil,190,0.07%,S100a9,1.9495451329118114,0.087832927738992,59
bone marrow,lymphocyte,20490,1.52%,Hba-a1,2.3295545954834727,0.1484077827448279,1316
bone marrow,lymphocyte,20490,1.43%,Hba-a2,2.497365497113047,0.17515743515037333,1234
bone marrow,lymphocyte,20490,2.96%,Hbb-bs,2.245284789322407,0.1349748770086613,2555
bone marrow,lymphocyte,20490,1.17%,Hbb-bt,2.0990730858603013,0.11166821333392941,1012
bone marrow,lymphocyte,20490,10.61%,S100a8,3.6013733436034463,0.351140198247621,9169
bone marrow,lymphocyte,20490,11.50%,S100a9,3.375324964163565,0.31510728549800016,9941
bone marrow,plasma cell,715,0.16%,Hba-a1,3.0528382646276597,0.26370176276838064,141
bone marrow,plasma cell,715,0.17%,Hba-a2,3.610531005859375,0.3525999620640041,150
bone marrow,plasma cell,715,0.04%,Hbb-bs,2.5337087457830254,0.180950677781035,33
bone marrow,plasma cell,715,0.01%,Hbb-bt,2.76647154490153,0.21805389282188953,12
bone marrow,plasma cell,715,0.57%,S100a8,3.9548984930767275,0.40749335989085805,492
bone marrow,plasma cell,715,0.59%,S100a9,3.7839761573507826,0.38024773386409705,511
bone marrow,B cell,15359,1.26%,Hba-a1,2.248204464850944,0.13544028363461305,1086
bone marrow,B cell,15359,1.17%,Hba-a2,2.3627642605144517,0.1537015210386857,1012
bone marrow,B cell,15359,2.54%,Hbb-bs,2.246614108120438,0.13518677513588775,2192
bone marrow,B cell,15359,1.01%,Hbb-bt,2.086915181128293,0.10973020023464433,873
bone marrow,B cell,15359,7.18%,S100a8,3.25186942413807,0.29542803491801944,6207
bone marrow,B cell,15359,7.89%,S100a9,3.153070940802025,0.27967920655364986,6814
bone marrow,naive B cell,3350,0.01%,Hba-a1,2.2865500450134277,0.14155270500101283,8
bone marrow,naive B cell,3350,0.01%,Hba-a2,2.4453539167131697,0.1668666049167635,7
bone marrow,naive B cell,3350,0.04%,Hbb-bs,2.226354783581149,0.13195736700963043,31
bone marrow,naive B cell,3350,0.00%,Hbb-bt,2.886969804763794,0.23726174246388557,4
bone marrow,naive B cell,3350,0.63%,S100a8,3.2886119169347428,0.3012849184773116,544
bone marrow,naive B cell,3350,0.59%,S100a9,3.2546548212548636,0.29587203708928544,514
bone marrow,immature B cell,1412,0.62%,Hba-a1,2.384685765917056,0.1571958866849675,535
bone marrow,immature B cell,1412,0.72%,Hba-a2,2.5218855192423635,0.17906601357147814,622
bone marrow,immature B cell,1412,0.00%,Hbb-bs,2.1636533737182617,0.12196254007715727,4
bone marrow,immature B cell,1412,,Hbb-bt,,,
bone marrow,immature B cell,1412,0.96%,S100a8,7.067962169073406,0.9037267418737411,831
bone marrow,immature B cell,1412,0.96%,S100a9,6.894650371754227,0.87610022720128,828
bone marrow,precursor B cell,2707,0.05%,Hba-a1,1.8744120043377543,0.07585644078861749,43
bone marrow,precursor B cell,2707,0.04%,Hba-a2,2.0514334542410713,0.10407428722920221,35
bone marrow,precursor B cell,2707,0.01%,Hbb-bs,1.9344461758931477,0.08542610048275644,6
bone marrow,precursor B cell,2707,0.00%,Hbb-bt,1.784683346748352,0.061553374789777085,1
bone marrow,precursor B cell,2707,1.68%,S100a8,3.58080316899897,0.34786123951938697,1456
bone marrow,precursor B cell,2707,1.68%,S100a9,3.480614696324036,0.33189084192857476,1452
bone marrow,late pro-B cell,943,0.03%,Hba-a1,1.7177098083496094,0.05087755542918267,25
bone marrow,late pro-B cell,943,0.02%,Hba-a2,1.7461261749267578,0.055407224963079725,18
bone marrow,late pro-B cell,943,0.00%,Hbb-bs,1.62786066532135,0.03655528362441395,1
bone marrow,late pro-B cell,943,,Hbb-bt,,,
bone marrow,late pro-B cell,943,0.62%,S100a8,4.371817911477914,0.4739517926568758,532
bone marrow,late pro-B cell,943,0.62%,S100a9,4.212318363046288,0.44852699940473395,532
bone marrow,innate lymphoid cell,996,0.03%,Hba-a1,2.6065616607666016,0.19256369060449965,28
bone marrow,innate lymphoid cell,996,0.03%,Hba-a2,2.3889784131731306,0.15788014986980564,28
bone marrow,innate lymphoid cell,996,0.10%,Hbb-bs,2.3639531510599543,0.15389103440481156,89
bone marrow,innate lymphoid cell,996,0.03%,Hbb-bt,2.8467596435546874,0.23085210027097938,25
bone marrow,innate lymphoid cell,996,0.42%,S100a8,4.868285798373288,0.5530905332035533,365
bone marrow,innate lymphoid cell,996,0.43%,S100a9,4.617788663474462,0.5131604021926386,372
bone marrow,natural killer cell,942,0.03%,Hba-a1,2.7254295349121094,0.21151165098550792,22
bone marrow,natural killer cell,942,0.03%,Hba-a2,2.4332320873553934,0.16493434235997437,26
bone marrow,natural killer cell,942,0.09%,Hbb-bs,2.395189852327914,0.15887027528308428,74
bone marrow,natural killer cell,942,0.02%,Hbb-bt,2.956497001647949,0.24834462403667187,20
bone marrow,natural killer cell,942,0.40%,S100a8,5.055684998978016,0.5829626298824624,344
bone marrow,natural killer cell,942,0.41%,S100a9,4.776248931884766,0.5384195305263966,352
bone marrow,mature alpha-beta T cell,1852,0.07%,Hba-a1,1.9802587408768504,0.09272878569104887,57
bone marrow,mature alpha-beta T cell,1852,0.04%,Hba-a2,1.908140082108347,0.0812328159103131,38
bone marrow,mature alpha-beta T cell,1852,0.28%,Hbb-bs,2.149876004927386,0.11976637866785592,241
bone marrow,mature alpha-beta T cell,1852,0.12%,Hbb-bt,1.9413558361577052,0.08652752481527876,102
bone marrow,mature alpha-beta T cell,1852,0.62%,S100a8,2.143711992260242,0.11878381320477627,537
bone marrow,mature alpha-beta T cell,1852,0.78%,S100a9,2.093632624699519,0.11080098454507495,676
bone marrow,"CD8-positive, alpha-beta T cell",960,0.05%,Hba-a1,1.9934435112531794,0.09483048481302997,43
bone marrow,"CD8-positive, alpha-beta T cell",960,0.03%,Hba-a2,1.897252839187096,0.07949735080661526,29
bone marrow,"CD8-positive, alpha-beta T cell",960,0.21%,Hbb-bs,2.180787306565505,0.12469374969198567,182
bone marrow,"CD8-positive, alpha-beta T cell",960,0.09%,Hbb-bt,1.9379172023338607,0.08597939439797825,79
bone marrow,"CD8-positive, alpha-beta T cell",960,0.39%,S100a8,2.0058495657784596,0.09680805386875217,336
bone marrow,"CD8-positive, alpha-beta T cell",960,0.50%,S100a9,2.0290728450370823,0.10050992688089018,434
bone marrow,"CD4-positive, alpha-beta T cell",562,0.02%,Hba-a1,1.9397626604352678,0.08627356695924966,14
bone marrow,"CD4-positive, alpha-beta T cell",562,0.01%,Hba-a2,1.9432209862603083,0.08682483635132503,9
bone marrow,"CD4-positive, alpha-beta T cell",562,0.07%,Hbb-bs,2.067715695029811,0.10666973411169138,57
bone marrow,"CD4-positive, alpha-beta T cell",562,0.03%,Hbb-bt,1.9531669616699219,0.08841026007801799,23
bone marrow,"CD4-positive, alpha-beta T cell",562,0.15%,S100a8,2.3214609246504936,0.14711762293182004,133
bone marrow,"CD4-positive, alpha-beta T cell",562,0.20%,S100a9,2.1945095172507227,0.12688111870377664,173
bone marrow,naive T cell,1568,0.00%,Hba-a1,1.9587645530700684,0.08930253598386295,4
bone marrow,naive T cell,1568,0.01%,Hba-a2,1.6085278193155925,0.03347355945964245,6
bone marrow,naive T cell,1568,,Hbb-bs,,,
bone marrow,naive T cell,1568,,Hbb-bt,,,
bone marrow,naive T cell,1568,1.81%,S100a8,5.07827260542889,0.5865631743963574,1568
bone marrow,naive T cell,1568,1.81%,S100a9,4.465788549306441,0.48893104533849957,1568
bone marrow,professional antigen presenting cell,5612,0.05%,Hba-a1,2.111054249298878,0.11357805324470836,39
bone marrow,professional antigen presenting cell,5612,0.03%,Hba-a2,2.2310794483531606,0.13271049531748622,22
bone marrow,professional antigen presenting cell,5612,0.17%,Hbb-bs,2.228341482736014,0.13227405389535102,143
bone marrow,professional antigen presenting cell,5612,0.05%,Hbb-bt,2.1174796499857087,0.11460228488442907,41
bone marrow,professional antigen presenting cell,5612,2.00%,S100a8,3.150467157225998,0.2792641542243814,1729
bone marrow,professional antigen presenting cell,5612,2.01%,S100a9,3.030696107716984,0.26017222448977073,1734
bone marrow,progenitor cell,27904,4.01%,Hba-a1,2.534431375957093,0.1810658675916275,3461
bone marrow,progenitor cell,27904,4.30%,Hba-a2,2.6079489295928666,0.19278482617158904,3715
bone marrow,progenitor cell,27904,0.87%,Hbb-bs,2.7421618522481714,0.21417884166461493,752
bone marrow,progenitor cell,27904,0.40%,Hbb-bt,2.8231820446705957,0.22709374745490896,342
bone marrow,progenitor cell,27904,22.89%,S100a8,4.443714919599515,0.48541243053901306,19776
bone marrow,progenitor cell,27904,22.52%,S100a9,4.290377165141859,0.4609698490823963,19456
bone marrow,hematopoietic stem cell,3305,0.00%,Hba-a1,2.9278030395507812,0.24377070479314483,2
bone marrow,hematopoietic stem cell,3305,,Hba-a2,,,
bone marrow,hematopoietic stem cell,3305,0.02%,Hbb-bs,2.4430036042865955,0.16649195678696516,19
bone marrow,hematopoietic stem cell,3305,0.03%,Hbb-bt,2.032368850708008,0.10103532186517189,30
bone marrow,hematopoietic stem cell,3305,0.07%,S100a8,2.680455271402995,0.20434259400302524,60
bone marrow,hematopoietic stem cell,3305,0.06%,S100a9,2.729977534367488,0.21223661821582848,52
bone marrow,erythroblast,2360,1.34%,Hba-a1,2.169343015261001,0.12286948910193746,1159
bone marrow,erythroblast,2360,1.61%,Hba-a2,2.2084447049546516,0.12910243700709498,1392
bone marrow,erythroblast,2360,,Hbb-bs,,,
bone marrow,erythroblast,2360,,Hbb-bt,,,
bone marrow,erythroblast,2360,2.73%,S100a8,3.4749159750212133,0.3309824455578606,2357
bone marrow,erythroblast,2360,2.73%,S100a9,3.390333686440678,0.31749972901666,2360
bone marrow,lymphoid lineage restricted progenitor cell,85,,Hba-a1,,,
bone marrow,lymphoid lineage restricted progenitor cell,85,,Hba-a2,,,
bone marrow,lymphoid lineage restricted progenitor cell,85,,Hbb-bs,,,
bone marrow,lymphoid lineage restricted progenitor cell,85,,Hbb-bt,,,
bone marrow,lymphoid lineage restricted progenitor cell,85,0.00%,S100a8,2.5174050331115723,0.1783518082043495,1
bone marrow,lymphoid lineage restricted progenitor cell,85,0.00%,S100a9,2.1248559951782227,0.1157781004482988,1
bone marrow,early pro-B cell,72,,Hba-a1,,,
bone marrow,early pro-B cell,72,,Hba-a2,,,
bone marrow,early pro-B cell,72,,Hbb-bs,,,
bone marrow,early pro-B cell,72,,Hbb-bt,,,
bone marrow,early pro-B cell,72,0.00%,S100a8,2.5174050331115723,0.1783518082043495,1
bone marrow,early pro-B cell,72,0.00%,S100a9,2.1248559951782227,0.1157781004482988,1
bone marrow,megakaryocyte-erythroid progenitor cell,1954,0.10%,Hba-a1,4.26007521296122,0.4561396105211925,83
bone marrow,megakaryocyte-erythroid progenitor cell,1954,0.01%,Hba-a2,1.7858754566737585,0.06174340133646839,7
bone marrow,megakaryocyte-erythroid progenitor cell,1954,0.09%,Hbb-bs,7.179925537109375,0.9215740995128023,80
bone marrow,megakaryocyte-erythroid progenitor cell,1954,0.09%,Hbb-bt,5.417308807373047,0.6406067464577341,80
bone marrow,megakaryocyte-erythroid progenitor cell,1954,2.18%,S100a8,7.215254415038543,0.9272056478526668,1881
bone marrow,megakaryocyte-erythroid progenitor cell,1954,2.18%,S100a9,7.005814773632501,0.8938202268034402,1883
bone marrow,myeloid lineage restricted progenitor cell,12329,2.38%,Hba-a1,2.7117420354318735,0.2093298150628001,2055
bone marrow,myeloid lineage restricted progenitor cell,12329,2.56%,Hba-a2,2.8924723123589167,0.23813886167425316,2215
bone marrow,myeloid lineage restricted progenitor cell,12329,0.02%,Hbb-bs,3.084905497233073,0.26881339328506815,15
bone marrow,myeloid lineage restricted progenitor cell,12329,0.01%,Hbb-bt,3.095435905456543,0.2704919776733941,5
bone marrow,myeloid lineage restricted progenitor cell,12329,13.21%,S100a8,4.728496974923346,0.5308076993640675,11415
bone marrow,myeloid lineage restricted progenitor cell,12329,13.13%,S100a9,4.539383976561812,0.5006624172493923,11349
bone marrow,granulocytopoietic cell,8082,2.36%,Hba-a1,2.7158965764673377,0.20999206362665418,2036
bone marrow,granulocytopoietic cell,8082,2.54%,Hba-a2,2.8991452634497272,0.23920255372563373,2198
bone marrow,granulocytopoietic cell,8082,0.00%,Hbb-bs,6.254762649536133,0.7740998566550699,1
bone marrow,granulocytopoietic cell,8082,0.00%,Hbb-bt,4.46718692779541,0.4891539518251943,1
bone marrow,granulocytopoietic cell,8082,9.34%,S100a8,5.221307680984257,0.6093634723254681,8067
bone marrow,granulocytopoietic cell,8082,9.33%,S100a9,5.054653574751861,0.5827982172056674,8060
bone marrow,promonocyte,3838,0.01%,Hba-a1,2.1021087646484373,0.11215211129055189,10
bone marrow,promonocyte,3838,0.01%,Hba-a2,2.112976312637329,0.11388443695223707,8
bone marrow,promonocyte,3838,0.02%,Hbb-bs,2.858486992972238,0.23272148132734435,14
bone marrow,promonocyte,3838,0.00%,Hbb-bt,2.752498149871826,0.21582648413544414,4
bone marrow,promonocyte,3838,3.40%,S100a8,3.6752649104258754,0.36291877585495785,2941
bone marrow,promonocyte,3838,3.34%,S100a9,3.3892366299592864,0.3173248543257936,2886
bone marrow,"erythroid progenitor cell, mammalian",409,0.01%,Hba-a1,2.4492785135904946,0.16749219956693748,9
bone marrow,"erythroid progenitor cell, mammalian",409,0.01%,Hba-a2,1.9556810590955946,0.08881101611709151,9
bone marrow,"erythroid progenitor cell, mammalian",409,,Hbb-bs,,,
bone marrow,"erythroid progenitor cell, mammalian",409,,Hbb-bt,,,
bone marrow,"erythroid progenitor cell, mammalian",409,0.47%,S100a8,2.5713727421491095,0.18695445227490207,407
bone marrow,"erythroid progenitor cell, mammalian",409,0.47%,S100a9,2.470525168899271,0.17087899171673923,403
bone marrow,granulocyte monocyte progenitor cell,250,,Hba-a1,,,
bone marrow,granulocyte monocyte progenitor cell,250,,Hba-a2,,,
bone marrow,granulocyte monocyte progenitor cell,250,0.00%,Hbb-bs,1.4488660097122192,0.008022901201705285,1
bone marrow,granulocyte monocyte progenitor cell,250,,Hbb-bt,,,
bone marrow,granulocyte monocyte progenitor cell,250,0.13%,S100a8,5.551693062160326,0.662028072899761,115
bone marrow,granulocyte monocyte progenitor cell,250,0.12%,S100a9,5.192290969122023,0.6047381056256338,105
bone marrow,stromal cell,74,0.02%,Hba-a1,3.3343372344970703,0.3085736961374507,20
bone marrow,stromal cell,74,0.01%,Hba-a2,3.628620147705078,0.3554834353782425,11
bone marrow,stromal cell,74,0.03%,Hbb-bs,3.064314270019531,0.2655310786963431,30
bone marrow,stromal cell,74,0.01%,Hbb-bt,3.740210215250651,0.37327128759623773,12
bone marrow,stromal cell,74,0.04%,S100a8,2.791128660503187,0.22198432442831526,38
bone marrow,stromal cell,74,0.04%,S100a9,3.040593385696411,0.26174988567351876,32
bone marrow,proerythroblast,3613,0.04%,Hba-a1,2.0248360770089286,0.09983457104300662,35
bone marrow,proerythroblast,3613,0.08%,Hba-a2,1.748988934417269,0.05586355897087197,67
bone marrow,proerythroblast,3613,,Hbb-bs,,,
bone marrow,proerythroblast,3613,,Hbb-bt,,,
bone marrow,proerythroblast,3613,4.18%,S100a8,7.665488556947135,0.9989745656059896,3613
bone marrow,proerythroblast,3613,4.18%,S100a9,7.445329798643787,0.9638804793370843,3613
bone marrow,hematopoietic cell,86321,8.81%,Hba-a1,2.7061794205814715,0.2084431145429338,7610
bone marrow,hematopoietic cell,86321,8.78%,Hba-a2,2.8640212027089373,0.23360365397142485,7586
bone marrow,hematopoietic cell,86321,7.87%,Hbb-bs,2.305514496285126,0.14457570573966344,6797
bone marrow,hematopoietic cell,86321,3.10%,Hbb-bt,2.1950959515455986,0.12697459840857703,2681
bone marrow,hematopoietic cell,86321,75.83%,S100a8,5.640627384476865,0.6762045190411533,65528
bone marrow,hematopoietic cell,86321,76.42%,S100a9,5.477290881145989,0.6501681015807269,66039
bone marrow,hematopoietic precursor cell,20066,2.55%,Hba-a1,2.7586989761587715,0.2168149178199797,2206
bone marrow,hematopoietic precursor cell,20066,2.66%,Hba-a2,2.8719981945047786,0.2348752147324275,2302
bone marrow,hematopoietic precursor cell,20066,0.13%,Hbb-bs,5.813335385529891,0.7037347864490654,115
bone marrow,hematopoietic precursor cell,20066,0.13%,Hbb-bt,4.433329971976902,0.4837570330859448,115
bone marrow,hematopoietic precursor cell,20066,18.06%,S100a8,4.836347050435785,0.5479993835982527,15604
bone marrow,hematopoietic precursor cell,20066,17.95%,S100a9,4.662976787095527,0.5203635492348405,15514
bone marrow,hematopoietic oligopotent progenitor cell,2204,0.10%,Hba-a1,4.26007521296122,0.4561396105211925,83
bone marrow,hematopoietic oligopotent progenitor cell,2204,0.01%,Hba-a2,1.7858754566737585,0.06174340133646839,7
bone marrow,hematopoietic oligopotent progenitor cell,2204,0.09%,Hbb-bs,7.109171549479167,0.9102956631476123,81
bone marrow,hematopoietic oligopotent progenitor cell,2204,0.09%,Hbb-bt,5.417308807373047,0.6406067464577341,80
bone marrow,hematopoietic oligopotent progenitor cell,2204,2.31%,S100a8,7.119407760834168,0.9119273515125339,1996
bone marrow,hematopoietic oligopotent progenitor cell,2204,2.30%,S100a9,6.9100300042442155,0.8785517951222984,1988
bone marrow,erythroid lineage cell,6382,1.39%,Hba-a1,2.16723287809123,0.12253312575920311,1203
bone marrow,erythroid lineage cell,6382,1.70%,Hba-a2,2.1859253927537465,0.1255127788386652,1468
bone marrow,erythroid lineage cell,6382,,Hbb-bs,,,
bone marrow,erythroid lineage cell,6382,,Hbb-bt,,,
bone marrow,erythroid lineage cell,6382,7.38%,S100a8,5.7914906597930065,0.7002526597535901,6377
bone marrow,erythroid lineage cell,6382,7.38%,S100a9,5.629985124882372,0.6745081051479089,6376
spleen,aggregated,39301,1.34%,Hba-a1,2.4426887989949004,0.16644177570786664,527
spleen,aggregated,39301,1.62%,Hba-a2,3.0979658402736834,0.2708952582487919,636
spleen,aggregated,39301,0.13%,Hbb-bs,4.9719476318359375,0.5696145968127718,50
spleen,aggregated,39301,0.08%,Hbb-bt,4.809044577858665,0.5436472727153613,33
spleen,aggregated,39301,18.18%,S100a8,3.177023476857683,0.28349732568356467,7146
spleen,aggregated,39301,18.44%,S100a9,3.049116229129295,0.26310845711984693,7247
spleen,leukocyte,37036,0.36%,Hba-a1,1.7764296395438057,0.060237704612006886,140
spleen,leukocyte,37036,0.35%,Hba-a2,2.235237288649065,0.13337326979514627,137
spleen,leukocyte,37036,0.04%,Hbb-bs,1.9981783698586857,0.09558523805406956,17
spleen,leukocyte,37036,0.01%,Hbb-bt,1.6081233024597168,0.033409078039295007,4
spleen,leukocyte,37036,14.42%,S100a8,3.23942355934633,0.2934441199647445,5668
spleen,leukocyte,37036,14.75%,S100a9,3.111983097399517,0.27312965870879824,5797
spleen,myeloid leukocyte,2604,0.14%,Hba-a1,2.025590351649693,0.0999548050937318,56
spleen,myeloid leukocyte,2604,0.23%,Hba-a2,2.540127529187149,0.18197385460244195,89
spleen,myeloid leukocyte,2604,0.00%,Hbb-bs,2.002678871154785,0.09630263390947774,1
spleen,myeloid leukocyte,2604,,Hbb-bt,,,
spleen,myeloid leukocyte,2604,4.32%,S100a8,6.09535073334316,0.7486890322923191,1696
spleen,myeloid leukocyte,2604,4.31%,S100a9,5.816140911104548,0.7041819971678458,1693
spleen,mature alpha-beta T cell,3310,0.01%,Hba-a1,1.549269676208496,0.024027601450240167,2
spleen,mature alpha-beta T cell,3310,0.01%,Hba-a2,2.148102045059204,0.119483603178335,2
spleen,mature alpha-beta T cell,3310,0.01%,Hbb-bs,1.785233497619629,0.06164107078827514,2
spleen,mature alpha-beta T cell,3310,,Hbb-bt,,,
spleen,mature alpha-beta T cell,3310,0.97%,S100a8,2.0337008578883693,0.10124764853006883,381
spleen,mature alpha-beta T cell,3310,1.01%,S100a9,1.9989536169803503,0.0957088151925722,396
spleen,mononuclear cell,35860,0.30%,Hba-a1,1.7648682675119174,0.05839478093910467,118
spleen,mononuclear cell,35860,0.25%,Hba-a2,2.277527478276467,0.14011447588910272,98
spleen,mononuclear cell,35860,0.04%,Hbb-bs,1.9978970289230347,0.09554039131191494,16
spleen,mononuclear cell,35860,0.01%,Hbb-bt,1.6081233024597168,0.033409078039295007,4
spleen,mononuclear cell,35860,11.43%,S100a8,2.079000906124777,0.10846863675259319,4492
spleen,mononuclear cell,35860,11.76%,S100a9,2.047424884359446,0.1034353069845605,4621
spleen,lymphocyte of B lineage,25719,0.17%,Hba-a1,1.6262858895694507,0.03630425878889418,68
spleen,lymphocyte of B lineage,25719,0.10%,Hba-a2,1.6788041968094676,0.0446758630765533,38
spleen,lymphocyte of B lineage,25719,0.04%,Hbb-bs,2.0282775333949496,0.1003831513867206,14
spleen,lymphocyte of B lineage,25719,0.01%,Hbb-bt,1.6081233024597168,0.033409078039295007,4
spleen,lymphocyte of B lineage,25719,7.61%,S100a8,2.0231710015771225,0.09956915211850703,2992
spleen,lymphocyte of B lineage,25719,7.78%,S100a9,2.003743170132074,0.09647228693810453,3057
spleen,hematopoietic oligopotent progenitor cell,986,0.39%,Hba-a1,1.9712833553165585,0.09129807742589974,154
spleen,hematopoietic oligopotent progenitor cell,986,0.73%,Hba-a2,2.563560219077797,0.18570910841143115,286
spleen,hematopoietic oligopotent progenitor cell,986,,Hbb-bs,,,
spleen,hematopoietic oligopotent progenitor cell,986,,Hbb-bt,,,
spleen,hematopoietic oligopotent progenitor cell,986,1.95%,S100a8,2.6980352886652543,0.20714491105443456,767
spleen,hematopoietic oligopotent progenitor cell,986,1.92%,S100a9,2.6126366670800265,0.1935320681393771,756
spleen,macrophage,1428,0.09%,Hba-a1,2.1466872271369484,0.1192580761877166,34
spleen,macrophage,1428,0.13%,Hba-a2,2.860830993652344,0.23309512334238822,50
spleen,macrophage,1428,,Hbb-bs,,,
spleen,macrophage,1428,,Hbb-bt,,,
spleen,macrophage,1428,1.32%,S100a8,2.52987553523137,0.18033965043502626,520
spleen,macrophage,1428,1.32%,S100a9,2.452052575707205,0.16793439489902143,517
spleen,granulocyte,1176,0.06%,Hba-a1,1.8384404615922407,0.07012244939956146,22
spleen,granulocyte,1176,0.10%,Hba-a2,2.128969437036759,0.11643379765770388,39
spleen,granulocyte,1176,0.00%,Hbb-bs,2.002678871154785,0.09630263390947774,1
spleen,granulocyte,1176,,Hbb-bt,,,
spleen,granulocyte,1176,2.99%,S100a8,7.671921502976191,1,1176
spleen,granulocyte,1176,2.99%,S100a9,7.29508131377551,0.9399303384007225,1176
spleen,lymphocyte,34432,0.21%,Hba-a1,1.610322498139881,0.0337596376241903,84
spleen,lymphocyte,34432,0.12%,Hba-a2,1.669919490814209,0.04325960945541939,48
spleen,lymphocyte,34432,0.04%,Hbb-bs,1.9978970289230347,0.09554039131191494,16
spleen,lymphocyte,34432,0.01%,Hbb-bt,1.6081233024597168,0.033409078039295007,4
spleen,lymphocyte,34432,10.11%,S100a8,2.01997404684353,0.09905954620465146,3972
spleen,lymphocyte,34432,10.44%,S100a9,1.9964521084612572,0.09531006586981985,4104
spleen,plasma cell,802,0.06%,Hba-a1,1.7472174962361653,0.055581185447207596,24
spleen,plasma cell,802,0.04%,Hba-a2,1.7459640502929688,0.05538138172191887,16
spleen,plasma cell,802,,Hbb-bs,,,
spleen,plasma cell,802,,Hbb-bt,,,
spleen,plasma cell,802,0.89%,S100a8,2.869166708400107,0.23442386581316427,351
spleen,plasma cell,802,0.93%,S100a9,2.7580089464865094,0.21670492464490418,366
spleen,B cell,24917,0.11%,Hba-a1,1.5603231950239702,0.02578957152072324,44
spleen,B cell,24917,0.06%,Hba-a2,1.629960667003285,0.03689003133446926,22
spleen,B cell,24917,0.04%,Hbb-bs,2.0282775333949496,0.1003831513867206,14
spleen,B cell,24917,0.01%,Hbb-bt,1.6081233024597168,0.033409078039295007,4
spleen,B cell,24917,6.72%,S100a8,1.910734570238546,0.08164638651257551,2641
spleen,B cell,24917,6.85%,S100a9,1.9011563429022669,0.08011958313199223,2691
spleen,natural killer cell,612,0.01%,Hba-a1,1.5085601806640625,0.01753836359474924,2
spleen,natural killer cell,612,0.01%,Hba-a2,1.5505881309509277,0.024237767808504188,2
spleen,natural killer cell,612,,Hbb-bs,,,
spleen,natural killer cell,612,,Hbb-bt,,,
spleen,natural killer cell,612,0.23%,S100a8,2.1878980848524305,0.1258272329499925,90
spleen,natural killer cell,612,0.26%,S100a9,2.0932949557162748,0.11074715891251945,101
spleen,T cell,8101,0.04%,Hba-a1,1.547323499407087,0.023717373971262997,14
spleen,T cell,8101,0.02%,Hba-a2,1.6575498580932617,0.0412878461643789,8
spleen,T cell,8101,0.01%,Hbb-bs,1.785233497619629,0.06164107078827514,2
spleen,T cell,8101,,Hbb-bt,,,
spleen,T cell,8101,2.26%,S100a8,1.9922459291608146,0.0946395859835333,890
spleen,T cell,8101,2.41%,S100a9,1.962551383085029,0.08990617010795987,946
spleen,"CD8-positive, alpha-beta T cell",354,,Hba-a1,,,
spleen,"CD8-positive, alpha-beta T cell",354,,Hba-a2,,,
spleen,"CD8-positive, alpha-beta T cell",354,0.01%,Hbb-bs,1.785233497619629,0.06164107078827514,2
spleen,"CD8-positive, alpha-beta T cell",354,,Hbb-bt,,,
spleen,"CD8-positive, alpha-beta T cell",354,,S100a8,,,
spleen,"CD8-positive, alpha-beta T cell",354,,S100a9,,,
spleen,"CD4-positive, alpha-beta T cell",414,,Hba-a1,,,
spleen,"CD4-positive, alpha-beta T cell",414,,Hba-a2,,,
spleen,"CD4-positive, alpha-beta T cell",414,,Hbb-bs,,,
spleen,"CD4-positive, alpha-beta T cell",414,,Hbb-bt,,,
spleen,"CD4-positive, alpha-beta T cell",414,,S100a8,,,
spleen,"CD4-positive, alpha-beta T cell",414,,S100a9,,,
spleen,mature NK T cell,2542,0.01%,Hba-a1,1.549269676208496,0.024027601450240167,2
spleen,mature NK T cell,2542,0.01%,Hba-a2,2.148102045059204,0.119483603178335,2
spleen,mature NK T cell,2542,,Hbb-bs,,,
spleen,mature NK T cell,2542,,Hbb-bt,,,
spleen,mature NK T cell,2542,0.97%,S100a8,2.0337008578883693,0.10124764853006883,381
spleen,mature NK T cell,2542,1.01%,S100a9,1.9989536169803503,0.0957088151925722,396
spleen,alpha-beta T cell,3394,0.01%,Hba-a1,1.549269676208496,0.024027601450240167,2
spleen,alpha-beta T cell,3394,0.01%,Hba-a2,2.148102045059204,0.119483603178335,2
spleen,alpha-beta T cell,3394,0.01%,Hbb-bs,1.785233497619629,0.06164107078827514,2
spleen,alpha-beta T cell,3394,,Hbb-bt,,,
spleen,alpha-beta T cell,3394,1.01%,S100a8,2.0392655384691456,0.1021346783346773,395
spleen,alpha-beta T cell,3394,1.05%,S100a9,2.0002302488460955,0.09591231483608109,413
spleen,immature NK T cell,84,,Hba-a1,,,
spleen,immature NK T cell,84,,Hba-a2,,,
spleen,immature NK T cell,84,,Hbb-bs,,,
spleen,immature NK T cell,84,,Hbb-bt,,,
spleen,immature NK T cell,84,0.04%,S100a8,2.1907027108328685,0.1262743002702664,14
spleen,immature NK T cell,84,0.04%,S100a9,2.029969159294577,0.10065280254988006,17
spleen,progenitor cell,1201,0.90%,Hba-a1,2.5737246231294013,0.18732935043772161,355
spleen,progenitor cell,1201,1.26%,Hba-a2,3.343566402312248,0.31004485819337846,496
spleen,progenitor cell,1201,,Hbb-bs,,,
spleen,progenitor cell,1201,,Hbb-bt,,,
spleen,progenitor cell,1201,2.47%,S100a8,2.960419580279064,0.24896989697124772,972
spleen,progenitor cell,1201,2.45%,S100a9,2.892058628264683,0.23807291896362473,962
spleen,erythroblast,215,0.51%,Hba-a1,3.0352965397621268,0.26090554966070956,201
spleen,erythroblast,215,0.53%,Hba-a2,4.405860537574405,0.47937830789641145,210
spleen,erythroblast,215,,Hbb-bs,,,
spleen,erythroblast,215,,Hbb-bt,,,
spleen,erythroblast,215,0.52%,S100a8,3.942120807926829,0.4054565515965926,205
spleen,erythroblast,215,0.52%,S100a9,3.91750980117946,0.40153346990494027,206
spleen,megakaryocyte-erythroid progenitor cell,838,0.39%,Hba-a1,1.9712833553165585,0.09129807742589974,154
spleen,megakaryocyte-erythroid progenitor cell,838,0.73%,Hba-a2,2.5671770062362937,0.18628563710161236,285
spleen,megakaryocyte-erythroid progenitor cell,838,,Hbb-bs,,,
spleen,megakaryocyte-erythroid progenitor cell,838,,Hbb-bt,,,
spleen,megakaryocyte-erythroid progenitor cell,838,1.84%,S100a8,2.7226151670258623,0.21106303077092484,725
spleen,megakaryocyte-erythroid progenitor cell,838,1.82%,S100a9,2.6341086245314678,0.1969547742491421,717
spleen,macrophage dendritic cell progenitor,148,,Hba-a1,,,
spleen,macrophage dendritic cell progenitor,148,0.00%,Hba-a2,1.5327905416488647,0.021400769002921607,1
spleen,macrophage dendritic cell progenitor,148,,Hbb-bs,,,
spleen,macrophage dendritic cell progenitor,148,,Hbb-bt,,,
spleen,macrophage dendritic cell progenitor,148,0.11%,S100a8,2.2737379528227306,0.1395104121025129,42
spleen,macrophage dendritic cell progenitor,148,0.10%,S100a9,2.217882596529447,0.13060687036997795,39
spleen,proerythroblast,1064,0.08%,Hba-a1,3.903893232345581,0.3993629405786247,32
spleen,proerythroblast,1064,0.01%,Hba-a2,1.8899272282918294,0.07832962246951822,3
spleen,proerythroblast,1064,0.08%,Hbb-bs,6.503889604048296,0.8138115760567254,33
spleen,proerythroblast,1064,0.07%,Hbb-bt,5.250550894901671,0.6140249442555729,29
spleen,proerythroblast,1064,1.29%,S100a8,2.8941302996850298,0.23840315072958654,506
spleen,proerythroblast,1064,1.24%,S100a9,2.6119214667648567,0.19341806267462275,488
spleen,hematopoietic cell,39301,1.34%,Hba-a1,2.4426887989949004,0.16644177570786664,527
spleen,hematopoietic cell,39301,1.62%,Hba-a2,3.0979658402736834,0.2708952582487919,636
spleen,hematopoietic cell,39301,0.13%,Hbb-bs,4.9719476318359375,0.5696145968127718,50
spleen,hematopoietic cell,39301,0.08%,Hbb-bt,4.809044577858665,0.5436472727153613,33
spleen,hematopoietic cell,39301,18.18%,S100a8,3.177023476857683,0.28349732568356467,7146
spleen,hematopoietic cell,39301,18.44%,S100a9,3.049116229129295,0.26310845711984693,7247
spleen,myeloid cell,4869,1.13%,Hba-a1,2.6005189779380644,0.19160046554766078,443
spleen,myeloid cell,4869,1.50%,Hba-a2,3.2145410654496174,0.28947776225939464,588
spleen,myeloid cell,4869,0.09%,Hbb-bs,6.371501249425552,0.7927084031739668,34
spleen,myeloid cell,4869,0.07%,Hbb-bt,5.250550894901671,0.6140249442555729,29
spleen,myeloid cell,4869,8.08%,S100a8,4.624975693623976,0.5143060402677623,3174
spleen,myeloid cell,4869,8.00%,S100a9,4.423641388104518,0.48221263848242657,3143
spleen,erythroid lineage cell,1279,0.59%,Hba-a1,3.1545886911547747,0.27992114133845936,233
spleen,erythroid lineage cell,1279,0.54%,Hba-a2,4.370424942231514,0.4737297484226159,213
spleen,erythroid lineage cell,1279,0.08%,Hbb-bs,6.503889604048296,0.8138115760567254,33
spleen,erythroid lineage cell,1279,0.07%,Hbb-bt,5.250550894901671,0.6140249442555729,29
spleen,erythroid lineage cell,1279,1.81%,S100a8,3.196293526393284,0.28656903986845605,711
spleen,erythroid lineage cell,1279,1.77%,S100a9,2.9994593023910303,0.255192967024285,694
